name,datetime,tempmax,tempmin,temp,feelslikemax,feelslikemin,feelslike,dew,humidity,precip,precipprob,precipcover,preciptype,snow,snowdepth,windgust,windspeed,winddir,sealevelpressure,cloudcover,visibility,solarradiation,solarenergy,uvindex,severerisk,sunrise,sunset,moonphase,conditions,description,icon,stations
"Dhaka,Bangladesh",2023-07-16,31.1,27,28.6,37.1,30.1,32.9,24.1,77.1,2.9,100,33.33,rain,0,0,42.1,18.4,128.3,1002.4,83.3,4,223.4,19.5,8,10,2023-07-16T05:20:47,2023-07-16T18:48:01,0.95,"Rain, Partially cloudy",Partly cloudy throughout the day with rain in the morning and afternoon.,rain,"VGHS,41923099999,41922099999,41909099999"
"Dhaka,Bangladesh",2023-07-17,34,27.8,29.8,40.6,32.3,35.2,24.5,73.5,9.2,100,41.67,rain,0,0,28.4,19.4,105,1001.4,70.2,4.1,231.6,20.1,7,30,2023-07-17T05:21:13,2023-07-17T18:47:46,0.98,"Rain, Partially cloudy",Partly cloudy throughout the day with rain.,rain,"VGHS,41923099999,41922099999,41939099999"
"Dhaka,Bangladesh",2023-07-18,34.4,28,30.8,42,31.9,35.8,23.7,66.9,2,100,8.33,rain,0,0,29.9,18.4,119.6,1000.8,60.7,4.1,307.9,26.6,9,30,2023-07-18T05:21:39,2023-07-18T18:47:29,0,"Rain, Partially cloudy",Partly cloudy throughout the day with morning rain.,rain,"VGHS,41923099999,41922099999"
"Dhaka,Bangladesh",2023-07-19,36,29,31.6,44.7,32,37.2,23.8,64,0.1,100,4.17,rain,0,0,33.5,20.4,134.3,1000.1,62.1,4,265,22.7,8,30,2023-07-19T05:22:06,2023-07-19T18:47:11,0.05,"Rain, Partially cloudy",Partly cloudy throughout the day with morning rain.,rain,"VGHS,41923099999,41922099999"
"Dhaka,Bangladesh",2023-07-20,35,28,31.3,42.6,31.6,37,24,65.8,0.2,100,8.33,rain,0,0,31.7,18.7,130,1000.5,65.2,4.2,268.7,23.3,9,30,2023-07-20T05:22:32,2023-07-20T18:46:52,0.08,"Rain, Partially cloudy",Partly cloudy throughout the day with rain.,rain,"VGHS,41941099999,41929099999,41923099999,41922099999,41939099999,41909099999"
"Dhaka,Bangladesh",2023-07-21,35,29,31.2,42.3,32.8,37.2,24.3,67.4,14.6,100,54.17,rain,0,0,39.6,18.4,118.9,1003.6,80.6,4.3,107.6,9.2,6,30,2023-07-21T05:22:59,2023-07-21T18:46:32,0.12,"Rain, Partially cloudy",Partly cloudy throughout the day with a chance of rain throughout the day.,rain,"VGHS,41941099999,41923099999,41929099999,41922099999,41939099999,41909099999"
"Dhaka,Bangladesh",2023-07-22,34,28.6,31.1,41.4,32.5,37.5,24.8,70,0.6,100,12.5,rain,0,0,34.6,23.3,135.4,1006.4,69.8,4.4,231.3,20.1,8,30,2023-07-22T05:23:26,2023-07-22T18:46:10,0.15,"Rain, Partially cloudy",Partly cloudy throughout the day with rain.,rain,"VGHS,41941099999,41923099999,41929099999,41922099999,41939099999,41909099999"
"Dhaka,Bangladesh",2023-07-23,35,29,31.2,44.9,33.6,37.4,24.5,68.3,1.2,100,12.5,rain,0,0,24.8,16.6,147.3,1006.2,66.1,4.3,179.8,15.4,10,30,2023-07-23T05:23:52,2023-07-23T18:45:48,0.18,"Rain, Partially cloudy",Partly cloudy throughout the day with rain clearing later.,rain,"VGHS,41941099999,41923099999,41929099999,41922099999,41939099999,41909099999"
"Dhaka,Bangladesh",2023-07-24,35.1,29,31.8,42.7,32.8,37.8,24.2,65.1,0.4,100,12.5,rain,0,0,27.7,16.5,153.2,1003.9,56.7,4.3,238.5,20.5,9,30,2023-07-24T05:24:19,2023-07-24T18:45:24,0.22,"Rain, Partially cloudy",Partly cloudy throughout the day with rain.,rain,"VGHS,41941099999,41923099999,41929099999,41922099999,41939099999"
"Dhaka,Bangladesh",2023-07-25,35.7,28,31.6,43.3,31.9,37.8,24.5,66.9,0.9,100,20.83,rain,0,0,31.7,20.2,143.1,1004.1,69.8,4.2,242.6,20.9,9,30,2023-07-25T05:24:46,2023-07-25T18:44:59,0.25,"Rain, Partially cloudy",Partly cloudy throughout the day with rain in the morning and afternoon.,rain,"VGHS,41941099999,41923099999,41929099999,41922099999,41939099999,41909099999"
"Dhaka,Bangladesh",2023-07-26,34,29,31.1,40.6,32.8,36.8,24.1,66.9,6.4,100,33.33,rain,0,0,32.4,23.3,140.8,1004.8,81,4.1,229.3,19.8,8,30,2023-07-26T05:25:12,2023-07-26T18:44:33,0.25,"Rain, Partially cloudy",Partly cloudy throughout the day with rain in the morning and afternoon.,rain,"VGHS,41941099999,41923099999,41929099999,41922099999,41939099999"
"Dhaka,Bangladesh",2023-07-27,32.4,27.7,30.2,41.5,32.6,36.8,25.2,75,3.7,100,41.67,rain,0,0,30.6,15.8,146,1003.9,83.3,4.2,240.4,20.9,7,30,2023-07-27T05:25:39,2023-07-27T18:44:05,0.32,"Rain, Partially cloudy",Partly cloudy throughout the day with rain.,rain,"VGHS,41941099999,41923099999,41929099999,41922099999,41939099999,41909099999"
"Dhaka,Bangladesh",2023-07-28,33.7,27,29.8,42.3,30.1,35.5,24.7,74.7,0.9,100,12.5,rain,0,0,30.6,20.4,155.4,1001.3,69.6,4.2,262.1,22.6,8,30,2023-07-28T05:26:06,2023-07-28T18:43:37,0.35,"Rain, Partially cloudy",Partly cloudy throughout the day with rain clearing later.,rain,"VGHS,41941099999,41923099999,41929099999,41922099999,41939099999,41909099999"
"Dhaka,Bangladesh",2023-07-29,34,28,30.6,45.3,31.9,37.3,25.2,73.1,0.4,100,12.5,rain,0,0,30.2,18.4,138.6,999.8,81.6,4.2,196.7,16.9,7,30,2023-07-29T05:26:33,2023-07-29T18:43:07,0.38,"Rain, Partially cloudy",Partly cloudy throughout the day with rain in the morning and afternoon.,rain,"VGHS,41941099999,41923099999,41929099999,41922099999,41939099999"
"Dhaka,Bangladesh",2023-07-30,35.9,28,31.5,44.3,31.9,37.8,24.6,68,1.1,100,12.5,rain,0,0,22.7,12.9,118.6,998.3,63.3,4.3,256.9,22.1,10,30,2023-07-30T05:26:59,2023-07-30T18:42:36,0.42,"Rain, Partially cloudy",Partly cloudy throughout the day with late afternoon rain.,rain,"VGHS,41941099999,41923099999,41929099999,41922099999,41939099999"
"Dhaka,Bangladesh",2023-07-31,36.2,28,31.7,44.7,33.6,39,25.3,70.2,7.1,100,58.33,rain,0,0,27.4,20.1,248.6,996.6,81.6,4.1,214.4,18.4,9,30,2023-07-31T05:27:26,2023-07-31T18:42:04,0.45,"Rain, Partially cloudy",Partly cloudy throughout the day with a chance of rain throughout the day.,rain,"VGHS,41941099999,41923099999,41929099999,41922099999,41939099999"
"Dhaka,Bangladesh",2023-08-01,35.6,27.5,30.4,45.6,32.4,36.9,25.2,74.2,6.7,100,41.67,rain,0,0,62.3,22.3,89.7,995.1,80.2,4.2,253,21.8,9,60,2023-08-01T05:27:52,2023-08-01T18:41:31,0.48,"Rain, Partially cloudy",Partly cloudy throughout the day with rain.,rain,"VGHS,41941099999,41923099999,41929099999,41922099999,41939099999,41909099999"
"Dhaka,Bangladesh",2023-08-02,30,27.4,28.8,38.8,31.3,34.5,25.2,80.9,3.6,100,58.33,rain,0,0,56.9,23.3,118.5,997.7,94.8,4,154,13.4,5,30,2023-08-02T05:28:18,2023-08-02T18:40:57,0.5,"Rain, Overcast",Cloudy skies throughout the day with a chance of rain throughout the day.,rain,"VGHS,41941099999,41923099999,41929099999,41922099999,41939099999"
"Dhaka,Bangladesh",2023-08-03,31.7,27.1,29.1,38.8,31,34.3,24.6,77.3,4.9,100,41.67,rain,0,0,36.7,18.4,146.1,1000.2,90.6,4.1,213.7,18.3,7,30,2023-08-03T05:28:44,2023-08-03T18:40:22,0.55,"Rain, Overcast",Cloudy skies throughout the day with rain.,rain,"VGHS,41941099999,41923099999,41929099999,41922099999,41939099999,41909099999"
"Dhaka,Bangladesh",2023-08-04,30.6,26.3,28.3,38.2,26.3,33.1,25,82.6,14.3,100,50,rain,0,0,39.2,27.6,158.7,1003.2,91.7,4,244.3,21,8,30,2023-08-04T05:29:10,2023-08-04T18:39:46,0.58,"Rain, Overcast",Cloudy skies throughout the day with a chance of rain throughout the day.,rain,"VGHS,41941099999,41923099999,41929099999,41922099999,41939099999,41909099999"
"Dhaka,Bangladesh",2023-08-05,32.1,27.8,29.5,40.8,31.9,35.4,25.1,77.4,13.3,100,62.5,rain,0,0,37.4,27.6,180.2,1003.7,83.8,4.1,246.4,21.2,9,30,2023-08-05T05:29:36,2023-08-05T18:39:08,0.62,"Rain, Partially cloudy",Partly cloudy throughout the day with rain.,rain,"VGHS,41941099999,41923099999,41929099999,41922099999,41939099999,41909099999"
"Dhaka,Bangladesh",2023-08-06,30,27,28.4,37.4,30.1,33.6,25.2,83,27.3,100,83.33,rain,0,0,36,19.5,217.8,1000.6,90.8,4,73.4,6.2,3,10,2023-08-06T05:30:02,2023-08-06T18:38:30,0.65,"Rain, Overcast",Cloudy skies throughout the day with a chance of rain throughout the day.,rain,"VGHS,41941099999,41923099999,41929099999,41922099999,41939099999"
"Dhaka,Bangladesh",2023-08-07,30,26,27.8,38.8,26,32.8,26.2,91.2,20.7,100,79.17,rain,0,0,41,25,214.4,997.4,98.9,3.8,21.1,1.8,1,10,2023-08-07T05:30:27,2023-08-07T18:37:51,0.69,"Rain, Overcast",Cloudy skies throughout the day with a chance of rain throughout the day.,rain,"VGHS,41941099999,41923099999,41929099999,41922099999,41939099999"
"Dhaka,Bangladesh",2023-08-08,30,26,27.7,36.2,26,31.7,25.3,87,8.6,100,58.33,rain,0,0,38.9,20.4,231.4,999.7,98,4,25.8,2.2,1,10,2023-08-08T05:30:53,2023-08-08T18:37:10,0.75,"Rain, Overcast",Cloudy skies throughout the day with a chance of rain throughout the day.,rain,"VGHS,41941099999,41923099999,41929099999,41922099999,41939099999,41909099999"
"Dhaka,Bangladesh",2023-08-09,33.1,26.8,28.8,43.3,29.4,33.9,24.9,80.3,5.6,100,58.33,rain,0,0,28.8,14.8,170.8,1003.6,90.1,3.9,244.2,21,9,10,2023-08-09T05:31:18,2023-08-09T18:36:29,0.76,"Rain, Overcast",Cloudy skies throughout the day with a chance of rain throughout the day.,rain,"VGHS,41941099999,41923099999,41929099999,41922099999,41939099999,41909099999"
"Dhaka,Bangladesh",2023-08-10,31.9,27,28.6,38.8,30.6,33.5,25,81.4,10,100,66.67,rain,0,0,22.7,23.3,179.9,1005.1,85.1,3.9,190.5,16.5,7,30,2023-08-10T05:31:43,2023-08-10T18:35:47,0.79,"Rain, Partially cloudy",Partly cloudy throughout the day with a chance of rain throughout the day.,rain,"VGHS,41941099999,41923099999,41929099999,41922099999,41939099999,41909099999"
"Dhaka,Bangladesh",2023-08-11,30,27,28.3,38.6,29.6,33.5,25.2,83.3,5,100,45.83,rain,0,0,28.8,14.8,172.3,1004.5,87.7,4.1,256.6,22.2,9,30,2023-08-11T05:32:07,2023-08-11T18:35:04,0.82,"Rain, Partially cloudy",Partly cloudy throughout the day with a chance of rain throughout the day.,rain,"VGHS,41941099999,41923099999,41929099999,41922099999,41939099999,41909099999"
"Dhaka,Bangladesh",2023-08-12,32,27.5,29.5,41.5,31.9,35.5,25.3,78.5,20.8,100,79.17,rain,0,0,27,20.4,193.6,1002.5,88.7,4.2,225.5,19.4,8,30,2023-08-12T05:32:32,2023-08-12T18:34:20,0.86,"Rain, Partially cloudy",Partly cloudy throughout the day with a chance of rain throughout the day.,rain,"VGHS,41941099999,41923099999,41929099999,41922099999,41939099999,41909099999"
"Dhaka,Bangladesh",2023-08-13,28.7,26.7,27.5,35.2,30.1,32.5,26,91.3,28.7,100,79.17,rain,0,0,22.3,13.8,188.9,1003.7,98.2,3.6,41.8,3.7,4,10,2023-08-13T05:32:56,2023-08-13T18:33:34,0.89,"Rain, Overcast",Cloudy skies throughout the day with a chance of rain throughout the day.,rain,"VGHS,41941099999,41923099999,41929099999,41922099999,41939099999"
"Dhaka,Bangladesh",2023-08-14,30.4,26.4,28.2,37.5,26.4,32.5,24.4,80.3,14.8,100,83.33,rain,0,0,12.6,12.9,242.2,1004.3,91.4,4,241.4,20.8,9,30,2023-08-14T05:33:20,2023-08-14T18:32:49,0.93,"Rain, Overcast",Cloudy skies throughout the day with a chance of rain throughout the day.,rain,"VGHS,41941099999,41923099999,41929099999,41922099999,41939099999"
"Dhaka,Bangladesh",2023-08-15,33.5,27,29.3,42.8,29.6,35.6,25.4,80,9.4,100,58.33,rain,0,0,22.3,14.8,212.9,1004.1,91.1,4.1,250.6,21.6,9,30,2023-08-15T05:33:44,2023-08-15T18:32:02,0.96,"Rain, Overcast",Cloudy skies throughout the day with a chance of rain throughout the day.,rain,"VGHS,41941099999,41923099999,41929099999,41922099999,41939099999,41909099999"
"Dhaka,Bangladesh",2023-08-16,31.1,27,29,41.4,31.2,35.4,25.9,83.5,3.5,100,41.67,rain,0,0,21.2,9.3,169,1003.5,91.7,3.7,210.1,18.2,9,30,2023-08-16T05:34:08,2023-08-16T18:31:14,0,"Rain, Overcast",Cloudy skies throughout the day with a chance of rain throughout the day.,rain,"VGHS,41941099999,41923099999,41929099999,41922099999,41939099999"
"Dhaka,Bangladesh",2023-08-17,35.4,26.8,30.6,45.8,30.2,37,25,72.9,2.7,100,37.5,rain,0,0,33.8,18.4,132.8,1002.8,86.5,4.1,213.6,18.3,9,30,2023-08-17T05:34:31,2023-08-17T18:30:26,0.03,"Rain, Partially cloudy",Partly cloudy throughout the day with a chance of rain throughout the day.,rain,"VGHS,41941099999,41923099999,41929099999,41922099999,41939099999"
"Dhaka,Bangladesh",2023-08-18,35,28.4,31.3,43.3,33.1,37.7,24.7,68.9,0.1,100,4.17,rain,0,0,37.4,23.3,136.4,1003.5,66.7,4.1,288.2,24.9,9,30,2023-08-18T05:34:54,2023-08-18T18:29:37,0.06,"Rain, Partially cloudy",Partly cloudy throughout the day with early morning rain.,rain,"VGHS,41941099999,41923099999,41929099999,41922099999,41939099999"
"Dhaka,Bangladesh",2023-08-19,33.1,26.5,29.9,42.2,26.5,35.6,24.8,74.6,1.2,100,20.83,rain,0,0,31.3,18.4,142.5,1005.4,71.9,4.1,219.7,19.1,6,30,2023-08-19T05:35:17,2023-08-19T18:28:47,0.1,"Rain, Partially cloudy",Partly cloudy throughout the day with a chance of rain throughout the day.,rain,"VGHS,41941099999,41923099999,41929099999,41922099999,41939099999,41909099999"
"Dhaka,Bangladesh",2023-08-20,34.4,28,30.8,42,31.3,36.7,24.4,69.2,0.3,100,8.33,rain,0,0,25.2,18.4,185.4,1005.6,58.5,4.3,214.3,18.7,8,10,2023-08-20T05:35:40,2023-08-20T18:27:56,0.13,"Rain, Partially cloudy",Partly cloudy throughout the day with morning rain.,rain,"VGHS,41941099999,41923099999,41929099999,41922099999,41939099999,41909099999"
"Dhaka,Bangladesh",2023-08-21,33.9,28,30.9,39.5,31.9,36,23.8,66.6,0.2,100,8.33,rain,0,0,28.4,16.7,210.1,1004.6,75.9,4.3,275.2,23.8,9,10,2023-08-21T05:36:03,2023-08-21T18:27:04,0.17,"Rain, Partially cloudy",Partly cloudy throughout the day with early morning rain.,rain,"VGHS,41941099999,41923099999,41929099999,41922099999,41939099999"
"Dhaka,Bangladesh",2023-08-22,31.1,28,29.1,38.9,31.9,34.7,25,79.1,13.1,100,66.67,rain,0,0,30.6,22.3,180.5,1004.6,85.7,4,110.3,9.7,4,30,2023-08-22T05:36:25,2023-08-22T18:26:12,0.2,"Rain, Partially cloudy",Partly cloudy throughout the day with a chance of rain throughout the day.,rain,"VGHS,41941099999,41923099999,41929099999,41922099999,41939099999"
"Dhaka,Bangladesh",2023-08-23,31.5,27,29.1,40,31.2,34.7,25.1,79.5,11.5,100,54.17,rain,0,0,28.4,18.4,174,1003.5,90.3,4,118.4,10.3,6,10,2023-08-23T05:36:47,2023-08-23T18:25:19,0.23,"Rain, Overcast",Cloudy skies throughout the day with a chance of rain throughout the day.,rain,"VGHS,41941099999,41923099999,41929099999,41922099999,41939099999"
"Dhaka,Bangladesh",2023-08-24,31.5,28,28.7,40.7,31.9,34.4,25.4,82.8,17.2,100,50,rain,0,0,34.2,18.4,166.9,1000.9,87.5,4.1,165.2,14.4,7,10,2023-08-24T05:37:09,2023-08-24T18:24:26,0.25,"Rain, Partially cloudy",Partly cloudy throughout the day with rain.,rain,"VGHS,41941099999,41923099999,41929099999,41922099999,41939099999"
"Dhaka,Bangladesh",2023-08-25,30.9,26.8,28.5,38.3,30.1,33.7,25.3,83.1,21,100,83.33,rain,0,0,31.3,20.2,201.5,1000.3,92.8,4.1,107.6,9.3,7,10,2023-08-25T05:37:31,2023-08-25T18:23:32,0.3,"Rain, Overcast",Cloudy skies throughout the day with a chance of rain throughout the day.,rain,"VGHS,41941099999,41923099999,41929099999,41922099999,41939099999"
"Dhaka,Bangladesh",2023-08-26,31.6,26.7,28.7,38.4,29.8,33.6,24.8,80.2,6.3,100,70.83,rain,0,0,38.2,20.4,225.9,1001.5,92.4,4,127.5,10.9,6,10,2023-08-26T05:37:52,2023-08-26T18:22:37,0.34,"Rain, Overcast",Cloudy skies throughout the day with a chance of rain throughout the day.,rain,"VGHS,41941099999,41923099999,41929099999,41922099999,41939099999,41909099999"
"Dhaka,Bangladesh",2023-08-27,34.4,27.7,29.7,43.1,31.9,35.1,24.5,74.5,11.9,100,66.67,rain,0,0,30.2,23.3,210,1001.2,88.2,4.1,175.4,15.3,9,10,2023-08-27T05:38:14,2023-08-27T18:21:42,0.37,"Rain, Partially cloudy",Partly cloudy throughout the day with a chance of rain throughout the day.,rain,"VGHS,41941099999,41923099999,41929099999,41922099999,41939099999,41909099999"
"Dhaka,Bangladesh",2023-08-28,34.8,28,30.3,43.5,31.3,36.4,24.8,73.1,1.7,100,29.17,rain,0,0,19.4,13.1,167.5,1002.1,89.4,4.2,193.9,16.8,10,30,2023-08-28T05:38:35,2023-08-28T18:20:46,0.4,"Rain, Partially cloudy",Partly cloudy throughout the day with rain.,rain,"VGHS,41941099999,41923099999,41929099999,41922099999,41939099999,41909099999"
"Dhaka,Bangladesh",2023-08-29,33.6,27.4,30.1,41.5,31.8,35.9,24.7,73.4,1.1,100,29.17,rain,0,0,15.5,16.5,67.4,1003.1,71.3,4.1,210.3,18.1,9,10,2023-08-29T05:38:56,2023-08-29T18:19:49,0.44,"Rain, Partially cloudy",Partly cloudy throughout the day with a chance of rain throughout the day.,rain,"VGHS,41941099999,41923099999,41929099999,41922099999,41939099999"
"Dhaka,Bangladesh",2023-08-30,35.6,27.7,31.5,42.3,31.3,37.1,24,65.6,0,0,0,,0,0,18,14.8,293.6,1003.9,61.8,4.1,272.9,23.4,9,10,2023-08-30T05:39:17,2023-08-30T18:18:52,0.47,Partially cloudy,Partly cloudy throughout the day.,partly-cloudy-day,"VGHS,41941099999,41923099999,41929099999,41922099999,41939099999"
"Dhaka,Bangladesh",2023-08-31,32.5,28,30.2,41.5,32.7,37.4,25.8,78.1,0.8,100,20.83,rain,0,0,16.9,16.5,171,1005,76.6,4,206.8,17.7,9,30,2023-08-31T05:39:37,2023-08-31T18:17:55,0.5,"Rain, Partially cloudy",Partly cloudy throughout the day with rain in the morning and afternoon.,rain,"VGHS,41941099999,41923099999,41929099999,41922099999,41939099999,41909099999"
"Dhaka,Bangladesh",2023-09-01,34,28.4,30.1,46,34.5,37.4,25.8,78.2,1.5,100,25,rain,0,0,16.6,16.7,183.7,1005,66,4.2,166,14.3,9,30,2023-09-01T05:39:58,2023-09-01T18:16:57,0.54,"Rain, Partially cloudy",Partly cloudy throughout the day with rain in the morning and afternoon.,rain,"VGHS,41941099999,41923099999,41929099999,41922099999,41939099999"
"Dhaka,Bangladesh",2023-09-02,33.7,27.9,30.4,43,31.9,37.1,25.3,74.5,1.6,100,16.67,rain,0,0,13.7,12.2,220.3,1003.5,79.6,4.1,208.3,18.1,9,60,2023-09-02T05:40:18,2023-09-02T18:15:58,0.57,"Rain, Partially cloudy",Partly cloudy throughout the day with morning rain.,rain,"VGHS,41941099999,41923099999,41929099999,41922099999,41939099999,41909099999"
"Dhaka,Bangladesh",2023-09-03,34.3,25.8,30.2,42,25.8,35.8,24.8,73.9,5.1,100,45.83,rain,0,0,20.9,11.3,126,1001.9,80,4,268.3,23.1,9,60,2023-09-03T05:40:38,2023-09-03T18:14:59,0.61,"Rain, Partially cloudy",Partly cloudy throughout the day with a chance of rain throughout the day.,rain,"VGHS,41941099999,41923099999,41929099999,41922099999,41939099999"
"Dhaka,Bangladesh",2023-09-04,33.6,25.8,30,42,25.8,35.6,24.7,74,1.3,100,12.5,rain,0,0,23.4,14.8,143.1,1001.8,89.4,3.9,216.3,18.7,8,30,2023-09-04T05:40:58,2023-09-04T18:14:00,0.64,"Rain, Partially cloudy",Partly cloudy throughout the day with rain.,rain,"VGHS,41941099999,41923099999,41929099999,41922099999,41939099999"
"Dhaka,Bangladesh",2023-09-05,35.1,28,31.3,42.8,31.9,37.8,24.8,69.4,1.3,100,33.33,rain,0,0,21.2,11.9,268.5,1001.7,66,4.5,264.5,22.8,9,75,2023-09-05T05:41:18,2023-09-05T18:13:00,0.67,"Rain, Partially cloudy",Partly cloudy throughout the day with rain.,rain,"VGHS,41941099999,41923099999,41929099999,41922099999,41939099999"
"Dhaka,Bangladesh",2023-09-06,34.7,28,30.6,42.6,32.7,37.1,25,72.8,1.6,100,20.83,rain,0,0,34.2,21.1,146.7,1003.4,70.4,4.3,212.3,18.4,8,60,2023-09-06T05:41:38,2023-09-06T18:12:00,0.71,"Rain, Partially cloudy",Partly cloudy throughout the day with rain.,rain,"VGHS,41941099999,41923099999,41929099999,41922099999,41939099999,41909099999"
"Dhaka,Bangladesh",2023-09-07,34,28,30.2,41,31.6,35.9,24.6,72.8,4.1,100,29.17,rain,0,0,39.6,18.4,109.8,1004.1,88.7,4.1,232.8,19.8,7,30,2023-09-07T05:41:58,2023-09-07T18:11:00,0.75,"Rain, Partially cloudy",Partly cloudy throughout the day with rain.,rain,"VGHS,41941099999,41923099999,41929099999,41922099999,41939099999"
"Dhaka,Bangladesh",2023-09-08,31.5,27,29,39.1,30.1,34.1,24.7,78.1,3.8,100,41.67,rain,0,0,35.3,20.2,134.1,1005.4,89.8,4.1,37.8,3.2,2,30,2023-09-08T05:42:18,2023-09-08T18:09:59,0.77,"Rain, Partially cloudy",Partly cloudy throughout the day with a chance of rain throughout the day.,rain,"VGHS,41941099999,41923099999,41929099999,41922099999,41939099999,41909099999"
"Dhaka,Bangladesh",2023-09-09,32.4,27,29.6,40.2,29.6,35.2,24.7,75.2,2.5,100,41.67,rain,0,0,25.6,13.8,166.6,1005.3,84.9,4.2,204,17.7,8,30,2023-09-09T05:42:37,2023-09-09T18:08:59,0.81,"Rain, Partially cloudy",Partly cloudy throughout the day with a chance of rain throughout the day.,rain,"VGHS,41941099999,41923099999,41929099999,41922099999,41939099999,41909099999"
"Dhaka,Bangladesh",2023-09-10,32.5,28,30.1,41.3,31.3,36.7,25.2,75.3,3.9,100,33.33,rain,0,0,15.1,12.1,238.5,1003.1,77.8,4.3,198.3,17.1,9,60,2023-09-10T05:42:57,2023-09-10T18:07:57,0.84,"Rain, Partially cloudy",Partly cloudy throughout the day with a chance of rain throughout the day.,rain,"VGHS,41941099999,41923099999,41929099999,41922099999,41939099999"
"Dhaka,Bangladesh",2023-09-11,33.5,27.9,29.8,44.6,31.9,36.2,25.3,77,9.3,100,70.83,rain,0,0,19.4,11.3,221.8,1002.1,70,4.1,213.9,18.6,8,30,2023-09-11T05:43:16,2023-09-11T18:06:56,0.87,"Rain, Partially cloudy",Partly cloudy throughout the day with a chance of rain throughout the day.,rain,"VGHS,41941099999,41923099999,41929099999,41922099999,41939099999"
"Dhaka,Bangladesh",2023-09-12,32.1,28,29.7,41.4,32.7,36.3,25.6,78.8,7.1,100,54.17,rain,0,0,22,12.1,176.7,1002.3,84.4,4.1,241.6,21,9,30,2023-09-12T05:43:36,2023-09-12T18:05:54,0.91,"Rain, Partially cloudy",Partly cloudy throughout the day with a chance of rain throughout the day.,rain,"VGHS,41941099999,41923099999,41929099999,41922099999,41939099999,41909099999"
"Dhaka,Bangladesh",2023-09-13,34,27,30.2,42.8,30.1,36.1,24.9,74,4.2,100,25,rain,0,0,34.9,16.7,110.7,1002.8,76.4,4.2,224.9,19.3,9,30,2023-09-13T05:43:55,2023-09-13T18:04:53,0.94,"Rain, Partially cloudy",Partly cloudy throughout the day with rain.,rain,"VGHS,41941099999,41923099999,41929099999,41922099999,41939099999"
"Dhaka,Bangladesh",2023-09-14,32.5,27,29.5,39.8,29.6,34.4,24.2,73.5,3.4,100,33.33,rain,0,0,38.9,25.9,128.6,1004.1,74.6,4.3,223.6,19.3,8,30,2023-09-14T05:44:14,2023-09-14T18:03:51,0.97,"Rain, Partially cloudy",Partly cloudy throughout the day with rain in the morning and afternoon.,rain,"VGHS,41941099999,41923099999,41929099999,41922099999,41939099999"
"Dhaka,Bangladesh",2023-09-15,34.1,27.8,30.1,42,32.7,35.7,24.6,72.9,3.8,100,50,rain,0,0,34.6,20.2,142.5,1006,64.9,4.2,215.8,18.6,7,30,2023-09-15T05:44:34,2023-09-15T18:02:49,0,"Rain, Partially cloudy",Partly cloudy throughout the day with a chance of rain throughout the day.,rain,"VGHS,41941099999,41923099999,41929099999,41922099999,41939099999,41909099999"
"Dhaka,Bangladesh",2023-09-16,34.8,28,30.5,42.5,31.9,36,24.4,70.7,0.1,100,4.17,rain,0,0,14.8,11.3,114.1,1005.5,61.4,4.2,241.5,20.9,9,30,2023-09-16T05:44:53,2023-09-16T18:01:47,0.04,"Rain, Partially cloudy",Partly cloudy throughout the day with morning rain.,rain,"VGHS,41941099999,41923099999,41929099999,41922099999,41939099999"
"Dhaka,Bangladesh",2023-09-17,35.1,26.8,31,43.1,29.6,37.1,24.6,69.8,3.7,100,45.83,rain,0,0,14.8,16.7,291.6,1003.1,53,4.1,221.5,19.1,9,60,2023-09-17T05:45:13,2023-09-17T18:00:44,0.08,"Rain, Partially cloudy",Partly cloudy throughout the day with a chance of rain throughout the day.,rain,"VGHS,41941099999,41923099999,41929099999,41922099999,41939099999,41909099999"
"Dhaka,Bangladesh",2023-09-18,32.5,25.9,28.9,40.7,25.9,33.4,24.4,77.3,2.6,100,8.33,rain,0,0,55.4,14.8,129.3,1003.6,89.6,4.2,76,6.6,3,30,2023-09-18T05:45:32,2023-09-18T17:59:42,0.11,"Rain, Partially cloudy",Partly cloudy throughout the day with early morning rain.,rain,"VGHS,41941099999,41923099999,41929099999,41922099999,41939099999,41909099999"
"Dhaka,Bangladesh",2023-09-19,31,26.3,28.3,37.7,26.3,33,25.1,83.5,20.2,100,75,rain,0,0,38.5,20.4,96.9,1005.9,91.3,4,99.3,8.5,5,30,2023-09-19T05:45:52,2023-09-19T17:58:40,0.15,"Rain, Overcast",Cloudy skies throughout the day with a chance of rain throughout the day.,rain,"VGHS,41941099999,41923099999,41929099999,41922099999,41939099999,41909099999"
"Dhaka,Bangladesh",2023-09-20,30.2,26.8,28.1,37,30,32.7,24.8,82.3,20.4,100,66.67,rain,0,0,45,18.4,113.4,1006.5,91.3,3.9,78,6.7,4,30,2023-09-20T05:46:11,2023-09-20T17:57:37,0.18,"Rain, Overcast",Cloudy skies throughout the day with a chance of rain throughout the day.,rain,"VGHS,41941099999,41929099999,41923099999,41922099999,41939099999,41909099999"
"Dhaka,Bangladesh",2023-09-21,31.1,26.3,28.6,37.6,26.3,33.6,25.1,81.5,5.1,100,50,rain,0,0,37.8,23.3,147.4,1007.3,92.2,3.9,252.1,21.7,9,30,2023-09-21T05:46:31,2023-09-21T17:56:35,0.22,"Rain, Overcast",Cloudy skies throughout the day with a chance of rain throughout the day.,rain,"VGHS,41941099999,41923099999,41929099999,41922099999,41939099999,41909099999"
"Dhaka,Bangladesh",2023-09-22,32.1,26.1,29,40.3,26.1,34.3,25.3,81.1,4.9,100,50,rain,0,0,28.8,20.2,148.7,1007.9,89.1,4.1,228.6,19.8,7,30,2023-09-22T05:46:51,2023-09-22T17:55:33,0.25,"Rain, Partially cloudy",Partly cloudy throughout the day with a chance of rain throughout the day.,rain,"VGHS,41941099999,41923099999,41929099999,41922099999,41939099999,41909099999"
"Dhaka,Bangladesh",2023-09-23,30.6,27,28.5,37.2,30.1,33.6,24.8,80.5,2.8,100,45.83,rain,0,0,25.6,22.3,162.9,1008.2,87,4,216.5,18.6,8,30,2023-09-23T05:47:10,2023-09-23T17:54:31,0.25,"Rain, Partially cloudy",Partly cloudy throughout the day with rain.,rain,"VGHS,41941099999,41923099999,41929099999,41922099999,41939099999,41909099999"
"Dhaka,Bangladesh",2023-09-24,31.4,26.9,28.9,38.8,29.6,33.7,24.4,77.3,13,100,58.33,rain,0,0,26.6,22.8,157.4,1006.8,88.7,4.1,200.1,17.2,8,30,2023-09-24T05:47:30,2023-09-24T17:53:29,0.32,"Rain, Partially cloudy",Partly cloudy throughout the day with rain.,rain,"VGHS,41941099999,41923099999,41929099999,41922099999,41939099999,41909099999"
"Dhaka,Bangladesh",2023-09-25,33.7,27,29.7,42.7,30,35.4,24.8,75.3,12,100,58.33,rain,0,0,23,13.1,164.5,1006.3,73.3,4.2,208.3,18.1,7,30,2023-09-25T05:47:51,2023-09-25T17:52:27,0.35,"Rain, Partially cloudy",Partly cloudy throughout the day with a chance of rain throughout the day.,rain,"VGHS,41941099999,41923099999,41929099999,41922099999,41939099999,41909099999"
"Dhaka,Bangladesh",2023-09-26,32.5,27,29.9,42.1,30.1,36.4,25.3,76.7,14.1,100,33.33,rain,0,0,14,7.7,309.5,1006.4,46.9,4.2,249.5,21.5,9,60,2023-09-26T05:48:11,2023-09-26T17:51:25,0.39,"Rain, Partially cloudy",Partly cloudy throughout the day with rain clearing later.,rain,"VGHS,41941099999,41923099999,41929099999,41922099999,41939099999,41909099999"
"Dhaka,Bangladesh",2023-09-27,33.1,27.7,30.3,43.1,32.7,36.9,25.3,75,0,0,0,,0,0,10.4,9.5,273.8,1005.6,66.6,4.2,267.8,23,9,30,2023-09-27T05:48:31,2023-09-27T17:50:23,0.42,Partially cloudy,Partly cloudy throughout the day.,partly-cloudy-day,"VGHS,41941099999,41923099999,41929099999,41922099999,41939099999"
"Dhaka,Bangladesh",2023-09-28,35.2,28.2,31.5,43.3,34.2,38.5,25.2,70.1,0,0,0,,0,0,13.3,18.4,326.6,1004.2,48.5,4.1,264.4,22.8,9,60,2023-09-28T05:48:52,2023-09-28T17:49:22,0.46,Partially cloudy,Partly cloudy throughout the day.,partly-cloudy-day,"VGHS,41941099999,41923099999,41929099999,41922099999,41939099999,41909099999"
"Dhaka,Bangladesh",2023-09-29,34.4,28.5,30.9,42.6,34.1,37.2,24.8,70.9,9.1,100,54.17,rain,0,0,21.6,16.5,116.8,1003.7,78.2,4.1,180.6,15.6,8,75,2023-09-29T05:49:13,2023-09-29T17:48:21,0.5,"Rain, Partially cloudy",Partly cloudy throughout the day with a chance of rain throughout the day.,rain,"VGHS,41941099999,41923099999,41929099999,41922099999,41939099999,41909099999"
"Dhaka,Bangladesh",2023-09-30,34,27,29.9,42,29.6,35.2,24.4,73.2,5.7,100,37.5,rain,0,0,35.3,22.3,117.3,1004.7,73.5,4.1,237.7,20.5,8,30,2023-09-30T05:49:34,2023-09-30T17:47:20,0.53,"Rain, Partially cloudy",Partly cloudy throughout the day with rain.,rain,"VGHS,41941099999,41923099999,41929099999,41922099999,41939099999"
"Dhaka,Bangladesh",2023-10-01,34,27.7,30.2,43.5,31.9,36.3,24.9,73.5,2.2,100,37.5,rain,0,0,32.8,19.5,128.5,1004.2,72.9,4.2,212.5,18.4,8,30,2023-10-01T05:49:55,2023-10-01T17:46:19,0.56,"Rain, Partially cloudy",Partly cloudy throughout the day with a chance of rain throughout the day.,rain,"VGHS,41941099999,41923099999,41929099999,41922099999,41939099999,41909099999"
"Dhaka,Bangladesh",2023-10-02,33,28,30,39.3,31.9,35.5,24.6,73.3,1.6,100,33.33,rain,0,0,29.2,18.4,125.8,1005.3,75.9,4.1,238.3,20.7,8,30,2023-10-02T05:50:16,2023-10-02T17:45:19,0.59,"Rain, Partially cloudy",Partly cloudy throughout the day with a chance of rain throughout the day.,rain,"VGHS,41941099999,41923099999,41929099999,41922099999,41939099999,41909099999"
"Dhaka,Bangladesh",2023-10-03,30.5,26.8,28.2,36.6,29.6,32.3,24.1,78.6,5.8,100,70.83,rain,0,0,34.6,22.3,131.3,1006.8,90.4,4,223.8,19.4,8,30,2023-10-03T05:50:38,2023-10-03T17:44:19,0.63,"Rain, Overcast",Cloudy skies throughout the day with a chance of rain throughout the day.,rain,"VGHS,41941099999,41923099999,41929099999,41922099999,41939099999,41909099999"
"Dhaka,Bangladesh",2023-10-04,29.7,26,27.6,35.8,26,31.2,24.7,84.3,10.6,100,58.33,rain,0,0,42.1,21.4,136.4,1007.1,91.6,3.9,81.2,6.9,6,30,2023-10-04T05:51:00,2023-10-04T17:43:19,0.66,"Rain, Overcast",Cloudy skies throughout the day with a chance of rain throughout the day.,rain,"VGHS,41941099999,41923099999,41929099999,41922099999,41939099999,41909099999"
"Dhaka,Bangladesh",2023-10-05,28.5,26,27.1,33.3,26,30.1,25.1,88.9,22.3,100,83.33,rain,0,0,42.1,30.7,152.9,1004.7,97,3.2,106,9.3,7,30,2023-10-05T05:51:23,2023-10-05T17:42:20,0.69,"Rain, Overcast",Cloudy skies throughout the day with a chance of rain throughout the day.,rain,"VGHS,41941099999,41923099999,41929099999,41922099999,41939099999,41909099999"
"Dhaka,Bangladesh",2023-10-06,27.5,26,26.8,31.8,26,29.6,25.1,90.7,20.8,100,75,rain,0,0,47.2,33.5,191.5,1004.1,100,3.5,165.7,14.3,7,30,2023-10-06T05:51:45,2023-10-06T17:41:21,0.75,"Rain, Overcast",Cloudy skies throughout the day with a chance of rain throughout the day.,rain,"VGHS,41941099999,41923099999,41929099999,41922099999,41939099999,41909099999"
"Dhaka,Bangladesh",2023-10-07,32.4,27,29.1,39.8,30.6,34.3,24.9,78.5,10.3,100,75,rain,0,0,32.8,12.2,205,1006.2,80.5,4,197.2,17,8,30,2023-10-07T05:52:08,2023-10-07T17:40:23,0.76,"Rain, Partially cloudy",Partly cloudy throughout the day with a chance of rain throughout the day.,rain,"VGHS,41941099999,41923099999,41929099999,41922099999,41939099999"
"Dhaka,Bangladesh",2023-10-08,33.7,27,29.8,41.7,29.6,35.2,24.4,73.5,12,100,70.83,rain,0,0,21.2,18.4,222,1007.8,63.5,4.3,242.7,21.1,8,30,2023-10-08T05:52:31,2023-10-08T17:39:25,0.79,"Rain, Partially cloudy",Partly cloudy throughout the day with a chance of rain throughout the day.,rain,"VGHS,41941099999,41923099999,41929099999,41922099999,41939099999"
"Dhaka,Bangladesh",2023-10-09,33.6,27,29.9,41.4,29.2,35.2,24.3,72.5,6.6,100,62.5,rain,0,0,20.2,20.4,209,1009,81.5,4,185.6,16,8,30,2023-10-09T05:52:55,2023-10-09T17:38:28,0.82,"Rain, Partially cloudy",Partly cloudy throughout the day with a chance of rain throughout the day.,rain,"VGHS,41941099999,41923099999,41929099999,41922099999,41939099999"
"Dhaka,Bangladesh",2023-10-10,33,27.4,29.4,40.6,31.1,34.5,24.4,75.3,0,0,0,,0,0,12.6,11.3,28.3,1009.5,76.1,3.8,251.1,21.6,9,30,2023-10-10T05:53:19,2023-10-10T17:37:31,0.85,Partially cloudy,Partly cloudy throughout the day.,partly-cloudy-day,"VGHS,41941099999,41923099999,41929099999,41922099999,41939099999"
"Dhaka,Bangladesh",2023-10-11,35,27,29.8,46.7,29.6,35.6,24.8,74.9,1,100,16.67,rain,0,0,11.5,16.7,225.7,1009.3,62.9,3.7,178.1,15.2,8,30,2023-10-11T05:53:43,2023-10-11T17:36:34,0.89,"Rain, Partially cloudy",Partly cloudy throughout the day with rain in the morning and afternoon.,rain,"VGHS,41941099999,41923099999,41929099999,41922099999,41939099999,41909099999"
"Dhaka,Bangladesh",2023-10-12,34.1,26.7,30.1,39.6,29.9,35.2,24.2,71.8,0.2,100,8.33,rain,0,0,16.6,9.5,15,1011.2,64.7,4,245.3,21.2,9,30,2023-10-12T05:54:08,2023-10-12T17:35:39,0.92,"Rain, Partially cloudy",Partly cloudy throughout the day with rain clearing later.,rain,"VGHS,41941099999,41923099999,41929099999,41922099999,41939099999"
"Dhaka,Bangladesh",2023-10-13,34,25.7,29.8,38.6,25.7,33.6,23.1,68.6,0.2,100,8.33,rain,0,0,18,16.5,286.1,1012.2,49.4,3.9,256.5,22.4,9,10,2023-10-13T05:54:33,2023-10-13T17:34:44,0.95,"Rain, Partially cloudy",Clearing in the afternoon with rain clearing later.,rain,"VGHS,41941099999,41923099999,41929099999,41922099999,41939099999"
"Dhaka,Bangladesh",2023-10-14,33.6,25.6,29.3,37.1,25.6,32.1,22.4,67.6,0,0,0,,0,0,13.3,16.7,278.1,1011.5,31.8,3.9,253.2,22,9,10,2023-10-14T05:54:58,2023-10-14T17:33:49,0,Partially cloudy,Partly cloudy throughout the day.,partly-cloudy-day,"VGHS,41941099999,41923099999,41929099999,41922099999,41939099999,41909099999"
"Dhaka,Bangladesh",2023-10-15,32.1,27.2,29.2,37.9,29.9,32.7,22.7,68.4,0,0,0,,0,0,11.9,9.3,102.6,1010,54.8,3.5,240.4,20.8,9,10,2023-10-15T05:55:24,2023-10-15T17:32:55,0.02,Partially cloudy,Partly cloudy throughout the day.,partly-cloudy-day,"VGHS,41941099999,41923099999,41929099999,41922099999,41939099999,41909099999"
"Dhaka,Bangladesh",2023-10-16,33,25.2,28.7,38.1,25.2,31.6,22.9,71.8,0.3,100,12.5,rain,0,0,10.8,12.1,41.1,1010.9,33.1,3.9,234.2,20.2,9,30,2023-10-16T05:55:50,2023-10-16T17:32:02,0.05,"Rain, Partially cloudy",Partly cloudy throughout the day with morning rain.,rain,"VGHS,41941099999,41923099999,41929099999,41922099999,41939099999,41909099999"
"Dhaka,Bangladesh",2023-10-17,33,25.4,28.8,37.1,25.4,31.8,23,72.1,0,0,0,,0,0,10.4,4.4,289.7,1011.7,51.3,3.5,241.5,21,9,10,2023-10-17T05:56:17,2023-10-17T17:31:10,0.09,Partially cloudy,Partly cloudy throughout the day.,partly-cloudy-day,"VGHS,41941099999,41923099999,41929099999,41922099999,41939099999,41909099999"
"Dhaka,Bangladesh",2023-10-18,32.7,24.8,28.9,36.3,24.8,31.3,22,67.5,0,0,0,,0,0,13.7,14.8,307,1012.1,41.6,3.9,242.7,20.9,8,10,2023-10-18T05:56:44,2023-10-18T17:30:18,0.12,Partially cloudy,Partly cloudy throughout the day.,partly-cloudy-day,"VGHS,41941099999,41929099999,41923099999,41922099999,41939099999,41909099999"
"Dhaka,Bangladesh",2023-10-19,32,26,28.4,35.7,26,30.8,21.9,68.2,0,0,0,,0,0,17.6,18.4,319.8,1012.7,39.3,4.6,244.4,21,8,10,2023-10-19T05:57:11,2023-10-19T17:29:28,0.16,Partially cloudy,Partly cloudy throughout the day.,partly-cloudy-day,"VGHS,41941099999,41923099999,41929099999,remote,41922099999,41939099999"
"Dhaka,Bangladesh",2023-10-20,32,24.1,28.5,34.8,24.1,30.3,21.3,65.9,0,0,0,,0,0,21.2,14.8,326.1,1013.1,7.3,4.8,246.1,21.3,9,10,2023-10-20T05:57:39,2023-10-20T17:28:38,0.2,Clear,Clear conditions throughout the day.,clear-day,"VGHS,remote"
"Dhaka,Bangladesh",2023-10-21,33,25,28.2,39.1,25,29.8,21,65.8,0,0,0,,0,0,18,13,316.4,1013.3,0,4,245.9,21.4,9,10,2023-10-21T05:58:08,2023-10-21T17:27:48,0.23,Clear,Clear conditions throughout the day.,clear-day,VGHS
"Dhaka,Bangladesh",2023-10-22,32,25,28.4,34.1,25,29.8,20.5,63.2,0,0,0,,0,0,13,9.4,1.7,1013.1,65.7,4.6,190.7,16.4,8,10,2023-10-22T05:58:37,2023-10-22T17:27:00,0.25,Partially cloudy,Partly cloudy throughout the day.,partly-cloudy-day,"VGHS,remote"
"Dhaka,Bangladesh",2023-10-23,29.5,24,26.5,31.7,24,27.1,20.1,68.3,0.3,47.6,12.5,rain,0,0,18.7,14,122,1012.4,99.9,24.1,116.6,10.2,6,10,2023-10-23T05:59:06,2023-10-23T17:26:13,0.3,"Rain, Overcast",Cloudy skies throughout the day with afternoon rain.,rain,
"Dhaka,Bangladesh",2023-10-24,28.7,22.9,25.6,30.7,22.9,26.2,20.6,74.4,0,47.6,0,rain,0,0,18.7,13.7,83.4,1011.7,91.2,24.1,133.1,11.4,6,10,2023-10-24T05:59:36,2023-10-24T17:25:26,0.34,"Rain, Overcast",Cloudy skies throughout the day with a chance of rain.,rain,
"Dhaka,Bangladesh",2023-10-25,32.3,23.3,27.5,34.8,23.3,28.7,20.8,68.3,1.8,42.9,37.5,rain,0,0,18.7,12.6,36.8,1010.9,68.4,23.6,203.5,17.5,8,10,2023-10-25T06:00:06,2023-10-25T17:24:40,0.37,Partially cloudy,Partly cloudy throughout the day.,partly-cloudy-day,
"Dhaka,Bangladesh",2023-10-26,31.5,23.7,27.2,33.9,23.7,28.2,20.7,69.2,4.2,42.9,50,rain,0,0,23.8,12.2,348.8,1010.5,53.3,23.8,166,14.2,8,10,2023-10-26T06:00:37,2023-10-26T17:23:56,0.41,Partially cloudy,Partly cloudy throughout the day.,partly-cloudy-day,
"Dhaka,Bangladesh",2023-10-27,32,23.8,27.3,32.8,23.8,27.8,18.2,58.4,0,23.8,0,,0,0,22,13.3,337.6,1010.3,21,24.1,258.4,22.6,8,10,2023-10-27T06:01:09,2023-10-27T17:23:12,0.44,Partially cloudy,Clearing in the afternoon.,partly-cloudy-day,
"Dhaka,Bangladesh",2023-10-28,32.1,23.2,27.3,32,23.2,27.5,17.5,56.6,0,9.5,0,,0,0,22.3,12.6,345.1,1010.7,0.5,24.1,234.3,20.4,8,10,2023-10-28T06:01:41,2023-10-28T17:22:29,0.48,Clear,Clear conditions throughout the day.,clear-day,
"Dhaka,Bangladesh",2023-10-29,32.3,23.2,27.3,32.3,23.2,27.5,17.2,55.3,0,0,0,,0,0,22.3,11.9,352.4,1011.5,18.2,24.1,232.8,20.4,7,10,2023-10-29T06:02:13,2023-10-29T17:21:48,0.5,Clear,Clear conditions throughout the day.,clear-day,
"Dhaka,Bangladesh",2023-10-30,32.9,23.2,27.7,32.8,23.2,27.9,17.1,54,0,0,0,,0,0,13.6,8.9,345.6,1010.8,49.5,24.1,225.5,19.8,7,10,2023-10-30T06:02:46,2023-10-30T17:21:07,0.55,Partially cloudy,Partly cloudy throughout the day.,partly-cloudy-day,
"Dhaka,Bangladesh",2023-10-31,33.3,23.7,28.1,33.6,23.7,28.4,16.8,51.2,0,0,0,,0,0,15.1,11.2,94,1011,6.9,24.1,228.8,19.8,7,10,2023-10-31T06:03:19,2023-10-31T17:20:28,0.58,Clear,Clear conditions throughout the day.,clear-day,
"Dhaka,Bangladesh",2023-11-01,33.8,24.3,28.7,34.4,24.3,29.3,18.3,54.4,0,14.3,0,,0,0,10.4,7.6,29,1011.5,25.1,24.1,224.5,19.5,7,10,2023-11-01T06:03:53,2023-11-01T17:19:50,0.61,Partially cloudy,Clearing in the afternoon.,partly-cloudy-day,
"Dhaka,Bangladesh",2023-11-02,33.2,24.5,28.5,34,24.5,29,17.8,53,0,14.3,0,,0,0,14.8,11.2,346.1,1011.2,21.6,24.1,222,19.2,7,10,2023-11-02T06:04:27,2023-11-02T17:19:12,0.64,Partially cloudy,Partly cloudy throughout the day.,partly-cloudy-day,
"Dhaka,Bangladesh",2023-11-03,31.9,23.5,27.4,31.8,23.5,27.6,17,53.9,0,9.5,0,,0,0,19,15.5,342.2,1010.6,0,24.1,226.9,19.5,7,10,2023-11-03T06:05:02,2023-11-03T17:18:36,0.67,Clear,Clear conditions throughout the day.,clear-day,
"Dhaka,Bangladesh",2023-11-04,31.5,22.7,26.8,30.6,22.7,26.6,14.9,49.4,0,0,0,,0,0,19.8,14.8,345.4,1009.8,0,24.1,226.9,19.5,7,10,2023-11-04T06:05:37,2023-11-04T17:18:01,0.71,Clear,Clear conditions throughout the day.,clear-day,
"Dhaka,Bangladesh",2023-11-05,31.6,22.1,26.5,30.6,22.1,26.3,14.2,47.8,0,4.8,0,,0,0,15.8,12.6,334.4,1010.8,0,24.1,226.6,19.2,7,10,2023-11-05T06:06:13,2023-11-05T17:17:28,0.75,Clear,Clear conditions throughout the day.,clear-day,
"Dhaka,Bangladesh",2023-11-06,31.5,22.2,26.6,30.8,22.2,26.5,15,49.9,0,0,0,,0,0,14,11.5,323,1011.5,0,24.1,224.3,19.2,7,10,2023-11-06T06:06:49,2023-11-06T17:16:55,0.77,Clear,Clear conditions throughout the day.,clear-day,
